-- MySQL dump 10.13  Distrib 5.7.34, for Linux (x86_64)
--
-- Host: localhost    Database: energy_matrix
-- ------------------------------------------------------
-- Server version	5.7.34-0ubuntu0.18.04.1

/*!40101 SET @OLD_CHARACTER_SET_CLIENT=@@CHARACTER_SET_CLIENT */;
/*!40101 SET @OLD_CHARACTER_SET_RESULTS=@@CHARACTER_SET_RESULTS */;
/*!40101 SET @OLD_COLLATION_CONNECTION=@@COLLATION_CONNECTION */;
/*!40101 SET NAMES utf8 */;
/*!40103 SET @OLD_TIME_ZONE=@@TIME_ZONE */;
/*!40103 SET TIME_ZONE='+00:00' */;
/*!40014 SET @OLD_UNIQUE_CHECKS=@@UNIQUE_CHECKS, UNIQUE_CHECKS=0 */;
/*!40014 SET @OLD_FOREIGN_KEY_CHECKS=@@FOREIGN_KEY_CHECKS, FOREIGN_KEY_CHECKS=0 */;
/*!40101 SET @OLD_SQL_MODE=@@SQL_MODE, SQL_MODE='NO_AUTO_VALUE_ON_ZERO' */;
/*!40111 SET @OLD_SQL_NOTES=@@SQL_NOTES, SQL_NOTES=0 */;

--
-- Table structure for table `dataPoints`
--

DROP TABLE IF EXISTS `dataPoints`;
/*!40101 SET @saved_cs_client     = @@character_set_client */;
/*!40101 SET character_set_client = utf8 */;
CREATE TABLE `dataPoints` (
  `id` int(11) NOT NULL AUTO_INCREMENT,
  `user_id` int(11) NOT NULL,
  `sensor_id` int(8) NOT NULL,
  `date_time` timestamp NOT NULL DEFAULT CURRENT_TIMESTAMP,
  `data_type` varchar(24) NOT NULL,
  `data_value` decimal(7,3) NOT NULL DEFAULT '0.000',
  `custom_value` decimal(7,3) NOT NULL DEFAULT '0.000',
  PRIMARY KEY (`id`)
) ENGINE=InnoDB AUTO_INCREMENT=1180 DEFAULT CHARSET=latin1;
/*!40101 SET character_set_client = @saved_cs_client */;

--
-- Dumping data for table `dataPoints`
--

LOCK TABLES `dataPoints` WRITE;
/*!40000 ALTER TABLE `dataPoints` DISABLE KEYS */;
INSERT INTO `dataPoints` VALUES (80,2,528876,'2020-11-20 14:30:54','Fahrenheit',74.480,0.000),(81,2,528879,'2020-09-06 03:37:14','mA',11.610,0.000),(82,2,528889,'2020-10-14 22:18:03','Amp Hours',0.050,0.000),(83,2,528889,'2020-10-14 22:18:03','AvgCurrent',0.160,0.000),(84,2,528889,'2020-10-14 22:18:03','MaxCurrent',0.170,0.000),(85,2,528889,'2020-10-14 22:18:03','MinCurrent',0.160,0.000),(86,2,111111,'2020-11-20 02:50:43','Fahrenheit',70.000,0.000),(87,2,222222,'2020-10-15 03:18:03','Amp Hours',0.050,0.000),(88,2,222222,'2020-10-15 03:18:03','AvgCurrent',0.160,0.000),(89,2,222222,'2020-10-15 03:18:03','MaxCurrent',0.170,0.000),(90,2,222222,'2020-10-15 03:18:03','MinCurrent',0.160,0.000),(982,2,528876,'2020-11-20 14:30:54','Fahrenheit',74.480,0.000),(983,2,528879,'2020-09-06 03:37:14','mA',11.600,0.000),(984,2,528889,'2020-10-14 22:18:03','Amp Hours',0.050,0.000),(985,2,528889,'2020-10-14 22:18:03','AvgCurrent',0.160,0.000),(986,2,528889,'2020-10-14 22:18:03','MaxCurrent',0.170,0.000),(987,2,528889,'2020-10-14 22:18:03','MinCurrent',0.160,0.000),(988,2,111111,'2020-11-20 02:50:43','Fahrenheit',75.000,0.000),(989,2,222222,'2020-10-15 03:18:03','Amp Hours',0.050,0.000),(990,2,222222,'2020-10-15 03:18:03','AvgCurrent',0.160,0.000),(991,2,222222,'2020-10-15 03:18:03','MaxCurrent',0.170,0.000),(992,2,222222,'2020-10-15 03:18:03','MinCurrent',0.160,0.000),(993,2,528876,'2020-11-20 14:30:54','Fahrenheit',74.480,0.000),(994,2,528879,'2020-09-06 03:37:14','mA',11.610,0.000),(995,2,528889,'2020-10-14 22:18:03','Amp Hours',0.050,0.000),(996,2,528889,'2020-10-14 22:18:03','AvgCurrent',0.160,0.000),(997,2,528889,'2020-10-14 22:18:03','MaxCurrent',0.170,0.000),(998,2,528889,'2020-10-14 22:18:03','MinCurrent',0.160,0.000),(999,2,111111,'2020-11-20 02:50:43','Fahrenheit',78.500,0.000),(1000,2,222222,'2020-10-15 03:18:03','Amp Hours',0.050,0.000),(1001,2,222222,'2020-10-15 03:18:03','AvgCurrent',0.160,0.000),(1002,2,222222,'2020-10-15 03:18:03','MaxCurrent',0.170,0.000),(1003,2,222222,'2020-10-15 03:18:03','MinCurrent',0.160,0.000),(1004,2,528876,'2020-11-20 14:30:54','Fahrenheit',74.480,0.000),(1005,2,528879,'2020-09-06 03:37:14','mA',11.600,0.000),(1006,2,528889,'2020-10-14 22:18:03','Amp Hours',0.050,0.000),(1007,2,528889,'2020-10-14 22:18:03','AvgCurrent',0.160,0.000),(1008,2,528889,'2020-10-14 22:18:03','MaxCurrent',0.170,0.000),(1009,2,528889,'2020-10-14 22:18:03','MinCurrent',0.160,0.000),(1010,2,111111,'2020-11-20 02:50:43','Fahrenheit',76.460,0.000),(1011,2,222222,'2020-10-15 03:18:03','Amp Hours',0.050,0.000),(1012,2,222222,'2020-10-15 03:18:03','AvgCurrent',0.160,0.000),(1013,2,222222,'2020-10-15 03:18:03','MaxCurrent',0.170,0.000),(1014,2,222222,'2020-10-15 03:18:03','MinCurrent',0.160,0.000),(1015,2,528876,'2020-11-20 14:30:54','Fahrenheit',74.480,0.000),(1016,2,528879,'2020-09-06 03:37:14','mA',11.580,0.000),(1017,2,528889,'2020-10-14 22:18:03','Amp Hours',0.050,0.000),(1018,2,528889,'2020-10-14 22:18:03','AvgCurrent',0.160,0.000),(1019,2,528889,'2020-10-14 22:18:03','MaxCurrent',0.170,0.000),(1020,2,528889,'2020-10-14 22:18:03','MinCurrent',0.160,0.000),(1021,2,111111,'2020-11-20 02:50:43','Fahrenheit',73.375,0.000),(1022,2,222222,'2020-10-15 03:18:03','Amp Hours',0.050,0.000),(1023,2,222222,'2020-10-15 03:18:03','AvgCurrent',0.160,0.000),(1024,2,222222,'2020-10-15 03:18:03','MaxCurrent',0.170,0.000),(1025,2,222222,'2020-10-15 03:18:03','MinCurrent',0.160,0.000),(1026,2,528876,'2020-11-20 14:30:54','Fahrenheit',74.480,0.000),(1027,2,528879,'2020-09-06 03:37:14','mA',11.570,0.000),(1028,2,528889,'2020-10-14 22:18:03','Amp Hours',0.050,0.000),(1029,2,528889,'2020-10-14 22:18:03','AvgCurrent',0.160,0.000),(1030,2,528889,'2020-10-14 22:18:03','MaxCurrent',0.170,0.000),(1031,2,528889,'2020-10-14 22:18:03','MinCurrent',0.160,0.000),(1032,2,111111,'2020-11-20 02:50:43','Fahrenheit',76.460,0.000),(1033,2,222222,'2020-10-15 03:18:03','Amp Hours',0.050,0.000),(1034,2,222222,'2020-10-15 03:18:03','AvgCurrent',0.160,0.000),(1035,2,222222,'2020-10-15 03:18:03','MaxCurrent',0.170,0.000),(1036,2,222222,'2020-10-15 03:18:03','MinCurrent',0.160,0.000),(1037,2,528876,'2020-11-20 14:30:54','Fahrenheit',74.480,0.000),(1038,2,528879,'2020-09-06 03:37:14','mA',11.580,0.000),(1039,2,528889,'2020-10-14 22:18:03','Amp Hours',0.050,0.000),(1040,2,528889,'2020-10-14 22:18:03','AvgCurrent',0.160,0.000),(1041,2,528889,'2020-10-14 22:18:03','MaxCurrent',0.170,0.000),(1042,2,528889,'2020-10-14 22:18:03','MinCurrent',0.160,0.000),(1043,2,111111,'2020-11-20 02:50:43','Fahrenheit',76.460,0.000),(1044,2,222222,'2020-10-15 03:18:03','Amp Hours',0.050,0.000),(1045,2,222222,'2020-10-15 03:18:03','AvgCurrent',0.160,0.000),(1046,2,222222,'2020-10-15 03:18:03','MaxCurrent',0.170,0.000),(1047,2,222222,'2020-10-15 03:18:03','MinCurrent',0.160,0.000),(1048,2,528876,'2020-11-20 14:30:54','Fahrenheit',74.480,0.000),(1049,2,528879,'2020-09-06 03:37:14','mA',11.540,0.000),(1050,2,528889,'2020-10-14 22:18:03','Amp Hours',0.050,0.000),(1051,2,528889,'2020-10-14 22:18:03','AvgCurrent',0.160,0.000),(1052,2,528889,'2020-10-14 22:18:03','MaxCurrent',0.170,0.000),(1053,2,528889,'2020-10-14 22:18:03','MinCurrent',0.160,0.000),(1054,2,111111,'2020-11-20 02:50:43','Fahrenheit',76.460,0.000),(1055,2,222222,'2020-10-15 03:18:03','Amp Hours',0.050,0.000),(1056,2,222222,'2020-10-15 03:18:03','AvgCurrent',0.160,0.000),(1057,3,222222,'2020-10-15 03:18:03','MaxCurrent',0.170,0.000),(1058,3,222222,'2020-10-15 03:18:03','MinCurrent',0.160,0.000),(1059,2,528876,'2020-11-20 14:30:54','Fahrenheit',74.480,0.000),(1060,2,528879,'2020-09-06 03:37:14','mA',11.540,0.000),(1061,2,528889,'2020-10-14 22:18:03','Amp Hours',0.050,0.000),(1062,2,528889,'2020-10-14 22:18:03','AvgCurrent',0.160,0.000),(1063,2,528889,'2020-10-14 22:18:03','MaxCurrent',0.170,0.000),(1064,2,528889,'2020-10-14 22:18:03','MinCurrent',0.160,0.000),(1065,2,111111,'2020-11-20 02:50:43','Fahrenheit',76.460,0.000),(1066,3,222222,'2020-10-15 03:18:03','Amp Hours',0.050,0.000),(1067,3,222222,'2020-10-15 03:18:03','AvgCurrent',-0.160,0.000),(1068,3,222222,'2020-10-15 03:18:03','MaxCurrent',-0.170,0.000),(1069,3,222222,'2020-10-15 03:18:03','MinCurrent',-0.200,0.000),(1070,2,528876,'2020-11-20 14:30:54','Fahrenheit',74.480,0.000),(1071,2,528879,'2020-09-06 03:37:14','mA',11.550,0.000),(1072,2,528889,'2020-10-14 22:18:03','Amp Hours',0.050,0.000),(1073,2,528889,'2020-10-14 22:18:03','AvgCurrent',0.160,0.000),(1074,2,528889,'2020-10-14 22:18:03','MaxCurrent',0.170,0.000),(1075,2,528889,'2020-10-14 22:18:03','MinCurrent',0.160,0.000),(1076,2,111111,'2020-11-20 02:50:43','Fahrenheit',76.460,0.000),(1077,3,222222,'2020-10-15 03:18:03','Amp Hours',0.050,0.000),(1078,3,222222,'2020-10-15 03:18:03','AvgCurrent',0.160,0.000),(1079,3,222222,'2020-10-15 03:18:03','MaxCurrent',0.170,0.000),(1080,3,222222,'2020-10-15 03:18:03','MinCurrent',0.160,0.000),(1081,2,528876,'2020-11-20 14:30:54','Fahrenheit',74.480,0.000),(1082,2,528879,'2020-09-06 03:37:14','mA',11.560,0.000),(1083,2,528889,'2020-10-14 22:18:03','Amp Hours',0.050,0.000),(1084,2,528889,'2020-10-14 22:18:03','AvgCurrent',0.160,0.000),(1085,2,528889,'2020-10-14 22:18:03','MaxCurrent',0.170,0.000),(1086,2,528889,'2020-10-14 22:18:03','MinCurrent',0.160,0.000),(1087,2,111111,'2020-11-20 02:50:43','Fahrenheit',76.460,0.000),(1088,3,222222,'2020-10-15 03:18:03','Amp Hours',0.050,0.000),(1089,3,222222,'2020-10-15 03:18:03','AvgCurrent',0.160,0.000),(1090,3,222222,'2020-10-15 03:18:03','MaxCurrent',0.170,0.000),(1091,3,222222,'2020-10-15 03:18:03','MinCurrent',0.160,0.000),(1092,2,528876,'2020-11-20 14:30:54','Fahrenheit',74.480,0.000),(1093,2,528879,'2020-09-06 03:37:14','mA',11.540,0.000),(1094,2,528889,'2020-10-14 22:18:03','Amp Hours',0.050,0.000),(1095,2,528889,'2020-10-14 22:18:03','AvgCurrent',0.160,0.000),(1096,2,528889,'2020-10-14 22:18:03','MaxCurrent',0.170,0.000),(1097,2,528889,'2020-10-14 22:18:03','MinCurrent',0.160,0.000),(1098,2,111111,'2020-11-20 02:50:43','Fahrenheit',76.460,0.000),(1099,3,222222,'2020-10-15 03:18:03','Amp Hours',0.050,0.000),(1100,2,222222,'2020-10-15 03:18:03','AvgCurrent',0.160,0.000),(1101,2,222222,'2020-10-15 03:18:03','MaxCurrent',0.170,0.000),(1102,2,222222,'2020-10-15 03:18:03','MinCurrent',0.160,0.000),(1103,2,528876,'2020-11-20 14:30:54','Fahrenheit',74.480,0.000),(1104,2,528879,'2020-09-06 03:37:14','mA',11.560,0.000),(1105,2,528889,'2020-10-14 22:18:03','Amp Hours',0.050,0.000),(1106,2,528889,'2020-10-14 22:18:03','AvgCurrent',0.160,0.000),(1107,2,528889,'2020-10-14 22:18:03','MaxCurrent',0.170,0.000),(1108,2,528889,'2020-10-14 22:18:03','MinCurrent',0.160,0.000),(1109,2,111111,'2020-11-20 02:50:43','Fahrenheit',76.460,0.000),(1110,2,222222,'2020-10-15 03:18:03','Amp Hours',0.050,0.000),(1111,2,222222,'2020-10-15 03:18:03','AvgCurrent',0.160,0.000),(1112,3,222222,'2020-10-15 03:18:03','MaxCurrent',0.270,0.000),(1113,2,222222,'2020-10-15 03:18:03','MinCurrent',0.160,0.000),(1114,2,528876,'2020-11-20 14:30:54','Fahrenheit',74.480,0.000),(1115,2,528879,'2020-09-06 03:37:14','mA',11.550,0.000),(1116,2,528889,'2020-10-14 22:18:03','Amp Hours',0.050,0.000),(1117,2,528889,'2020-10-14 22:18:03','AvgCurrent',0.160,0.000),(1118,2,528889,'2020-10-14 22:18:03','MaxCurrent',0.170,0.000),(1119,2,528889,'2020-10-14 22:18:03','MinCurrent',0.160,0.000),(1120,2,111111,'2020-11-20 02:50:43','Fahrenheit',76.460,0.000),(1121,2,222222,'2020-10-15 03:18:03','Amp Hours',0.050,0.000),(1122,3,222222,'2020-10-15 03:18:03','AvgCurrent',0.260,0.000),(1123,2,222222,'2020-10-15 03:18:03','MaxCurrent',0.170,0.000),(1124,3,222222,'2020-10-15 03:18:03','MinCurrent',0.260,0.000),(1125,2,528876,'2020-11-20 14:30:54','Fahrenheit',74.480,0.000),(1126,2,528879,'2020-09-06 03:37:14','mA',11.540,0.000),(1127,2,528889,'2020-10-14 22:18:03','Amp Hours',0.050,0.000),(1128,2,528889,'2020-10-14 22:18:03','AvgCurrent',0.160,0.000),(1129,2,528889,'2020-10-14 22:18:03','MaxCurrent',0.170,0.000),(1130,2,528889,'2020-10-14 22:18:03','MinCurrent',0.160,0.000),(1131,2,111111,'2020-11-20 02:50:43','Fahrenheit',76.460,0.000),(1132,3,222222,'2020-10-15 03:18:03','Amp Hours',0.350,0.000),(1133,2,222222,'2020-10-15 03:18:03','AvgCurrent',0.160,0.000),(1135,2,222222,'2020-10-15 03:18:03','MinCurrent',0.160,0.000),(1136,2,528876,'2020-11-20 14:30:54','Fahrenheit',74.480,0.000),(1137,2,528879,'2020-09-06 03:37:14','mA',11.560,0.000),(1138,2,528889,'2020-10-14 22:18:03','Amp Hours',0.050,0.000),(1139,2,528889,'2020-10-14 22:18:03','AvgCurrent',0.160,0.000),(1140,2,528889,'2020-10-14 22:18:03','MaxCurrent',0.170,0.000),(1141,2,528889,'2020-10-14 22:18:03','MinCurrent',0.160,0.000),(1142,2,111111,'2020-11-20 02:50:43','Fahrenheit',76.460,0.000),(1143,2,222222,'2020-10-15 03:18:03','Amp Hours',0.050,0.000),(1144,2,222222,'2020-10-15 03:18:03','AvgCurrent',0.160,0.000),(1145,2,222222,'2020-10-15 03:18:03','MaxCurrent',0.170,0.000),(1146,2,222222,'2020-10-15 03:18:03','MinCurrent',0.160,0.000),(1147,2,528876,'2020-11-20 14:30:54','Fahrenheit',74.480,0.000),(1148,2,528879,'2020-09-06 03:37:14','mA',11.530,0.000),(1149,2,528889,'2020-10-14 22:18:03','Amp Hours',0.050,0.000),(1150,2,528889,'2020-10-14 22:18:03','AvgCurrent',0.160,0.000),(1151,2,528889,'2020-10-14 22:18:03','MaxCurrent',0.170,0.000),(1152,2,528889,'2020-10-14 22:18:03','MinCurrent',0.160,0.000),(1153,2,111111,'2020-11-20 02:50:43','Fahrenheit',76.460,0.000),(1154,2,222222,'2020-10-15 03:18:03','Amp Hours',0.050,0.000),(1155,2,222222,'2020-10-15 03:18:03','AvgCurrent',0.160,0.000),(1156,2,222222,'2020-10-15 03:18:03','MaxCurrent',0.170,0.000),(1157,2,222222,'2020-10-15 03:18:03','MinCurrent',0.160,0.000),(1158,2,528876,'2021-02-08 11:24:52','Fahrenheit',74.480,0.000),(1159,2,528879,'2021-02-08 11:24:52','mA',11.540,0.000),(1160,2,528889,'2021-02-08 11:24:52','Amp Hours',0.050,0.000),(1161,2,528889,'2021-02-08 11:24:52','AvgCurrent',0.160,0.000),(1162,2,528889,'2021-02-08 11:24:52','MaxCurrent',0.170,0.000),(1163,2,528889,'2021-02-08 11:24:52','MinCurrent',0.160,0.000),(1164,2,111111,'2020-11-20 02:50:43','Fahrenheit',76.460,0.000),(1165,2,222222,'2020-10-15 03:18:03','Amp Hours',0.050,0.000),(1166,2,222222,'2020-10-15 03:18:03','AvgCurrent',0.160,0.000),(1167,2,222222,'2020-10-15 03:18:03','MaxCurrent',0.170,0.000),(1168,2,222222,'2020-10-15 03:18:03','MinCurrent',0.160,0.000),(1169,2,528876,'2021-02-08 11:26:43','Fahrenheit',74.480,0.000),(1170,2,528879,'2021-02-08 11:26:43','mA',11.530,0.000),(1171,2,528889,'2021-02-08 11:26:43','Amp Hours',0.050,0.000),(1172,2,528889,'2021-02-08 11:26:43','AvgCurrent',0.160,0.000),(1173,2,528889,'2021-02-08 11:26:43','MaxCurrent',0.170,0.000),(1174,2,528889,'2021-02-08 11:26:43','MinCurrent',0.160,0.000),(1175,2,111111,'2020-11-20 02:50:43','Fahrenheit',76.460,0.000),(1176,2,222222,'2020-10-15 03:18:03','Amp Hours',0.050,0.000),(1177,2,222222,'2020-10-15 03:18:03','AvgCurrent',0.160,0.000),(1178,2,222222,'2020-10-15 03:18:03','MaxCurrent',0.170,0.000),(1179,2,222222,'2020-10-15 03:18:03','MinCurrent',0.160,0.000);
/*!40000 ALTER TABLE `dataPoints` ENABLE KEYS */;
UNLOCK TABLES;

--
-- Table structure for table `devices`
--

DROP TABLE IF EXISTS `devices`;
/*!40101 SET @saved_cs_client     = @@character_set_client */;
/*!40101 SET character_set_client = utf8 */;
CREATE TABLE `devices` (
  `id` int(11) NOT NULL AUTO_INCREMENT,
  `name` varchar(48) NOT NULL,
  `tag` varchar(48) NOT NULL,
  PRIMARY KEY (`id`)
) ENGINE=InnoDB AUTO_INCREMENT=13 DEFAULT CHARSET=utf8;
/*!40101 SET character_set_client = @saved_cs_client */;

--
-- Dumping data for table `devices`
--

LOCK TABLES `devices` WRITE;
/*!40000 ALTER TABLE `devices` DISABLE KEYS */;
INSERT INTO `devices` VALUES (1,'Flow Meter','flowMeter'),(2,'Volume Meter','volumeMeter'),(3,'Steam Flow Meter','steamFlowMeter'),(4,'Deaerator','deaerator'),(5,'Thermometer','thermometer'),(6,'Ammeter','ammeter'),(7,'Relative Humidity Meter','flowMeter'),(8,'Flow Meter','volumeMeter'),(9,'Flow Meter','steamMeter'),(10,'Flow Meter','feedWaterMeter'),(11,'Thermometer','thermometer'),(12,'Current Meter','currentMeter');
/*!40000 ALTER TABLE `devices` ENABLE KEYS */;
UNLOCK TABLES;

--
-- Table structure for table `sensors`
--

DROP TABLE IF EXISTS `sensors`;
/*!40101 SET @saved_cs_client     = @@character_set_client */;
/*!40101 SET character_set_client = utf8 */;
CREATE TABLE `sensors` (
  `id_key` int(11) NOT NULL AUTO_INCREMENT,
  `id` mediumint(6) NOT NULL,
  `user_id` int(11) DEFAULT NULL,
  `sensor_name` varchar(32) NOT NULL,
  `attributes` longtext,
  PRIMARY KEY (`id_key`)
) ENGINE=InnoDB AUTO_INCREMENT=12 DEFAULT CHARSET=latin1;
/*!40101 SET character_set_client = @saved_cs_client */;

--
-- Dumping data for table `sensors`
--

LOCK TABLES `sensors` WRITE;
/*!40000 ALTER TABLE `sensors` DISABLE KEYS */;
INSERT INTO `sensors` VALUES (1,111111,2,'Temperature',NULL),(2,222222,2,'Current Meter 20 Amp',NULL),(3,528876,2,'Thermocouple',NULL),(4,528879,2,'0-20mA Current','{\"customLabel\" : \"Process Output\", \"mAMin\" : \"3.9\", \"mAMax\" : \"20\", \"processMin\" : \"0\", \"processMax\" : \"20\"}'),(5,528889,2,'Current Meter 20 Amp',NULL),(6,222222,3,'Current Meter 20 Amp',NULL),(7,123,NULL,'Test',''),(8,11,NULL,'asdfad',''),(9,333,5,'Test Sensor',NULL),(10,55555,2,'test 555','{\"test\": \"value\"}'),(11,55555,2,'test 555','{\"test\": \"value\"}');
/*!40000 ALTER TABLE `sensors` ENABLE KEYS */;
UNLOCK TABLES;

--
-- Table structure for table `users`
--

DROP TABLE IF EXISTS `users`;
/*!40101 SET @saved_cs_client     = @@character_set_client */;
/*!40101 SET character_set_client = utf8 */;
CREATE TABLE `users` (
  `id` int(11) NOT NULL AUTO_INCREMENT,
  `company` varchar(48) NOT NULL,
  `username` varchar(24) NOT NULL,
  `password` varchar(128) NOT NULL,
  `type` tinyint(1) NOT NULL DEFAULT '0',
  PRIMARY KEY (`id`)
) ENGINE=InnoDB AUTO_INCREMENT=4 DEFAULT CHARSET=utf8;
/*!40101 SET character_set_client = @saved_cs_client */;

--
-- Dumping data for table `users`
--

LOCK TABLES `users` WRITE;
/*!40000 ALTER TABLE `users` DISABLE KEYS */;
INSERT INTO `users` VALUES (1,'Kinergetics','kinergetics','$2y$10$eEk6LMUH1vNWf/2c7GHUCeVW1UL6WRn94QEBVU6a7NpAz2DtxmSHO',1),(2,'Test Company','test','$2y$10$rQBTjgcbEI8lOYSfhMRDDOt.YCPCqGfi05i0XAHq51Czlk2INLKp2',0),(3,'Test Company 2','test2','$2y$10$rQBTjgcbEI8lOYSfhMRDDOt.YCPCqGfi05i0XAHq51Czlk2INLKp2',0);
/*!40000 ALTER TABLE `users` ENABLE KEYS */;
UNLOCK TABLES;
/*!40103 SET TIME_ZONE=@OLD_TIME_ZONE */;

/*!40101 SET SQL_MODE=@OLD_SQL_MODE */;
/*!40014 SET FOREIGN_KEY_CHECKS=@OLD_FOREIGN_KEY_CHECKS */;
/*!40014 SET UNIQUE_CHECKS=@OLD_UNIQUE_CHECKS */;
/*!40101 SET CHARACTER_SET_CLIENT=@OLD_CHARACTER_SET_CLIENT */;
/*!40101 SET CHARACTER_SET_RESULTS=@OLD_CHARACTER_SET_RESULTS */;
/*!40101 SET COLLATION_CONNECTION=@OLD_COLLATION_CONNECTION */;
/*!40111 SET SQL_NOTES=@OLD_SQL_NOTES */;

-- Dump completed on 2021-05-24 16:26:52
